Crops,Season,Crop_season,Groups_Kc,Groups_Season,NEW DELHI,FARIDABAD,GURGAON,KARNAL,MEWAT,PALWAL,PANIPAT,SONIPAT,YAMUNANAGAR,SHIMLA,SIRMAUR,SOLAN,ASHOKNAGAR,BHIND,BHOPAL,CHHATARPUR,DAMOH,DATIA,DEWAS,DHAR,GUNA,GWALIOR,INDORE,KATNI,MANDSAUR,MORENA,NEEMUCH,PANNA,RAISEN,RAJGARH,RATLAM,SAGAR,SEHORE,SHAJAPUR,SHEOPUR,SHIVPURI,TIKAMGARH,UJJAIN,VIDISHA,AJMER,ALWAR,BARAN,BHARATPUR,BHILWARA,BUNDI,CHITTAURGARH,JAIPUR,JHALAWAR,KOTA,PRATAPGARH R,RAJSAMAND,TONK,UDAIPUR,DAUSA,KARAULI,SAWAI MADHOPUR,ALMORA,DEHRADUN,GARHWAL,HARDWAR,NAINITAL,TEHRI GARHWAL,UDHAM SINGH NAGAR,UTTARKASHI,AGRA,ALIGARH,ALLAHABAD,AURAIYA,BAGHPAT,BANDA,BAREILLY,BIJNOR,BUDAUN,BULANDSHAHAR,CHITRAKOOT,ETAH,ETAWAH,FARRUKHABAD,FATEHPUR,FIROZABAD,GAUTAM BUDDHA NAGAR,GHAZIABAD,HAMIRPUR,HARDOI,MAHAMAYA NAGAR,JALAUN,JHANSI,JYOTIBA PHULE NAGAR,KANNAUJ,KANPUR DEHAT,KANPUR NAGAR,KASGANJ,KAUSHAMBI,LALITPUR,MAHOBA,MAINPURI,MATHURA,MEERUT,MORADABAD,MUZAFFARNAGAR,PILIBHIT,PRATAPGARH,RAE BARELI,RAMPUR,SAHARANPUR,SHAHJAHANPUR,UNNAO
Arecanut,Kharif,Arecanut Kharif,Arecanut,Arecanut Kharif,,,,,,,,,,,,,,,,,,,,,,,,,,,,,,,,,,,,,,,,,,,,,,,,,,,,,,,,,,,,,,,,,,,,,,,,,,,,,,,,,,,,,,,,,,,,,,,,,,,,,,,,,,,
Arecanut,Rabi,Arecanut Rabi,Arecanut,Arecanut Rabi,,,,,,,,,,,,,,,,,,,,,,,,,,,,,,,,,,,,,,,,,,,,,,,,,,,,,,,,,,,,,,,,,,,,,,,,,,,,,,,,,,,,,,,,,,,,,,,,,,,,,,,,,,,
Arecanut,Whole year,Arecanut Whole year,Arecanut,Arecanut Whole year,,,,,,,,,,,,,,,,,,,,,,,,,,,,,,,,,,,,,,,,,,,,,,,,,,,,,,,,,,,,,,,,,,,,,,,,,,,,,,,,,,,,,,,,,,,,,,,,,,,,,,,,,,,
Arecanut,Summer,Arecanut Summer,Arecanut,Arecanut Summer,,,,,,,,,,,,,,,,,,,,,,,,,,,,,,,,,,,,,,,,,,,,,,,,,,,,,,,,,,,,,,,,,,,,,,,,,,,,,,,,,,,,,,,,,,,,,,,,,,,,,,,,,,,
Arhar/Tur,Kharif,Arhar/Tur Kharif,Pluses,Pluses Kharif,,83,290,27,443,186,16,112,,8,9,,77,807,855,1983,2759,66,1835,1133,195,137,219,1994,112,113,9,3401,38988,421,227,6121,3497,559,9242,237,71,317,1244,,641,1,18,2,,,41,55,7,6696,83,1,2441,,114,26,48,492,203,,1,1647,2,444,526,6246,13049,3277,463,17067,23,6,,8072,14606,1997,1745,411,10357,1212,254,554,7087,1413,3030,2590,462,381,1079,7470,4898,1369,3201,6,3341,1004,1978,603,61,63,87,6696,4646,795,,163,2128
Arhar/Tur,Rabi,Arhar/Tur Rabi,Pluses,Pluses Rabi,,,,,,,,,,,,,,,,,,,,,,,,,,,,,,,,,,,,,,,,,,,,,,,,,,,,,,,,,,,,,,,,,,,,,,,,,,,,,,,,,,,,,,,,,,,,,,,,,,,,,,,,,,,
Arhar/Tur,Whole year,Arhar/Tur Whole year,Pluses,Pluses Whole year,,,,,,,,,,,,,,,,,,,,,,,,,,,,,,,,,,,,,,,,,,,,,,,,,,,,,,,,,,,,,,,,,,,,,,,,,,,,,,,,,,,,,,,,,,,,,,,,,,,,,,,,,,,
Arhar/Tur,Summer,Arhar/Tur Summer,Pluses,Pluses Summer,,,,,,,,,,,,,,,,,,,,,,,,,,,,,,,,,,,,,,,,,,,,,,,,,,,,,,,,,,,,,,,,,,,,,,,,,,,,,,,,,,,,,,,,,,,,,,,,,,,,,,,,,,,
Bajra,Kharif,Bajra Kharif,Grains,Grains Kharif,1478,3000,32000,200,26000,7000,400,5000,100,1,2,,6,57615,15,14,,1983,10,1623,26,18778,18,,82,197846,45,4,1,16,17,19,22,12,25230,8913,7,34,18,61482,273830,971,128924,2248,1116,66,298195,9,33,10266,348,43469,36,153930,129701,65112,,,,,,,,,113877,81558,23921,29097,542,3586,6539,,82298,13887,7845,45288,37380,3873,7870,72040,2210,,181,3472,37816,15327,7,2864,1201,15298,1002,40043,8945,,124,18100,41657,70,2609,,,10266,877,3294,,3845,1158
Bajra,Rabi,Bajra Rabi,Grains,Grains Rabi,,,,,,,,,,,,,,,,,,,,,,,,,,,,,,,,,,,,,,,,,,,,,,,,,,,,,,,,,,,,,,,,,,,,,,,,,,,,,,,,,,,,,,,,,,,,,,,,,,,,,,,,,,,
Bajra,Whole year,Bajra Whole year,Grains,Grains Whole year,,,,,,,,,,,,,,,,,,,,,,,,,,,,,,,,,,,,,,,,,,,,,,,,,,,,,,,,,,,,,,,,,,,,,,,,,,,,,,,,,,,,,,,,,,,,,,,,,,,,,,,,,,,
Bajra,Summer,Bajra Summer,Grains,Grains Summer,,,,,,,,,,,,,,,,,,,,,,,,,,,,,,,,,,,,,,,,,,,,,,,,,,,,,,,,,,,,,,,,,,,,,,,,,,,,,,,,,,,,,,,,,,,,,,,,,,,,,,,,,,,
Banana,Kharif,Banana Kharif,Fruit orchards,Fruit orchards Kharif,,,,,,,,,,,,,,,,,,,,,,,,,,,,,,,,,,,,,,,,,,,,,,,,,,,,,,,,,,,,,,,,,,,,,,,,,,,,,,,,,,,,,,,,,,,,,,,,,,,,,,,,,,,
Banana,Rabi,Banana Rabi,Fruit orchards,Fruit orchards Rabi,,,,,,,,,,,,,,,,,,,,,,,,,,,,,,,,,,,,,,,,,,,,,,,,,,,,,,,,,,,,,,,,,,,,,,,,,,,,,,,,,,,,,,,,,,,,,,,,,,,,,,,,,,,
Banana,Whole year,Banana Whole year,Fruit orchards,Fruit orchards Whole year,,,,,,,,,,,,,,,,4.5,15,,20,1820,,,,418,,,,60,,,,,,,,,,,,,,,,,,,,,,,1,7,,,,,,,,,,,,,,,,,,,,,,,,,,,,,,,,,,,,,,,,,,,,,,,,,,,,,,,
Banana,Summer,Banana Summer,Fruit orchards,Fruit orchards Summer,,,,,,,,,,,,,,,,,,,,,,,,,,,,,,,,,,,,,,,,,,,,,,,,,,27,,,,,,,,,,,,,,,8,29,125,12,27,25,25,,80,11,5,15,11,671,7883,10,,28,4,73,27,,,7,13,77,,72,6655,,,1172,11,75,63,19,1114,27,750,8,,12,203
Barley,Kharif,Barley Kharif,Grains,Grains Kharif,59,,,,,,,,,,,,59,412,1,10441,1,318,,1,4,101,,90,97,355,760,970,1,14,9,62,10,1,24,513,3167,8,25,,,,,,,,,,,,,,,,,,,,,,,,,,,,,,,,,,,,,,,,,,,,,,,,,,,,,,,,,,,,,,,,,,,,
Barley,Rabi,Barley Rabi,Grains,Grains Rabi,,200,700,,500,700,,,,2590,2269,1613,,,,,,,,,,,,,,,,,,,,,,,,,,,,13866,5741,71,1733,19124,1599,8312,50339,132,191,948,5688,2801,8472,4675,127,490,2885,583,3706,7,712,1802,3,298,4357,5450,5169,2087,53,937,53,3,1000,3329,4133,8819,1399,1195,3549,7523,589,64,3791,1264,2970,8737,5507,25,952,4373,5720,2708,508,9798,8302,2669,4687,133,7,86,5,948,2030,,48,155,1175
Barley,Whole year,Barley Whole year,Grains,Grains Whole year,,,,,,,,,,,,,,,,,,,,,,,,,,,,,,,,,,,,,,,,,,,,,,,,,,,,,,,,,,,,,,,,,,,,,,,,,,,,,,,,,,,,,,,,,,,,,,,,,,,,,,,,,,,
Barley,Summer,Barley Summer,Grains,Grains Summer,,,,,,,,,,,,,,,,,,,,,,,,,,,,,,,,,,,,,,,,,,,,,,,,,,,,,,,,,,,,,,,,,,,,,,,,,,,,,,,,,,,,,,,,,,,,,,,,,,,,,,,,,,,
Black pepper,Kharif,Black pepper Kharif,Spices,Spices Kharif,,,,,,,,,,,,,,,,,,,,,,,,,,,,,,,,,,,,,,,,,,,,,,,,,,,,,,,,,,,,,,,,,,,,,,,,,,,,,,,,,,,,,,,,,,,,,,,,,,,,,,,,,,,
Black pepper,Rabi,Black pepper Rabi,Spices,Spices Rabi,,,,,,,,,,,,,,,,,,,,,,,,,,,,,,,,,,,,,,,,,,,,,,,,,,,,,,,,,,,,,,,,,,,,,,,,,,,,,,,,,,,,,,,,,,,,,,,,,,,,,,,,,,,
Black pepper,Whole year,Black pepper Whole year,Spices,Spices Whole year,,,,,,,,,,,,,,,,,,,,,,,,,,,,,,,,,,,,,,,,,,,,,,,,,,,,,,,,,,,,,,,,,,,,,,,,,,,,,,,,,,,,,,,,,,,,,,,,,,,,,,,,,,,
Black pepper,Summer,Black pepper Summer,Spices,Spices Summer,,,,,,,,,,,,,,,,,,,,,,,,,,,,,,,,,,,,,,,,,,,,,,,,,,,,,,,,,,,,,,,,,,,,,,,,,,,,,,,,,,,,,,,,,,,,,,,,,,,,,,,,,,,
Cardamom,Kharif,Cardamom Kharif,Spices,Spices Kharif,,,,,,,,,,,,,,,,,,,,,,,,,,,,,,,,,,,,,,,,,,,,,,,,,,,,,,,,,,,,,,,,,,,,,,,,,,,,,,,,,,,,,,,,,,,,,,,,,,,,,,,,,,,
Cardamom,Rabi,Cardamom Rabi,Spices,Spices Rabi,,,,,,,,,,,,,,,,,,,,,,,,,,,,,,,,,,,,,,,,,,,,,,,,,,,,,,,,,,,,,,,,,,,,,,,,,,,,,,,,,,,,,,,,,,,,,,,,,,,,,,,,,,,
Cardamom,Whole year,Cardamom Whole year,Spices,Spices Whole year,,,,,,,,,,,,,,,,,,,,,,,,,,,,,,,,,,,,,,,,,,,,,,,,,,,,,,,,,,,,,,,,,,,,,,,,,,,,,,,,,,,,,,,,,,,,,,,,,,,,,,,,,,,
Cardamom,Summer,Cardamom Summer,Spices,Spices Summer,,,,,,,,,,,,,,,,,,,,,,,,,,,,,,,,,,,,,,,,,,,,,,,,,,,,,,,,,,,,,,,,,,,,,,,,,,,,,,,,,,,,,,,,,,,,,,,,,,,,,,,,,,,
Cashewnut,Kharif,Cashewnut Kharif,Fruit orchards,Fruit orchards Kharif,,,,,,,,,,,,,,,,,,,,,,,,,,,,,,,,,,,,,,,,,,,,,,,,,,,,,,,,,,,,,,,,,,,,,,,,,,,,,,,,,,,,,,,,,,,,,,,,,,,,,,,,,,,
Cashewnut,Rabi,Cashewnut Rabi,Fruit orchards,Fruit orchards Rabi,,,,,,,,,,,,,,,,,,,,,,,,,,,,,,,,,,,,,,,,,,,,,,,,,,,,,,,,,,,,,,,,,,,,,,,,,,,,,,,,,,,,,,,,,,,,,,,,,,,,,,,,,,,
Cashewnut,Whole year,Cashewnut Whole year,Fruit orchards,Fruit orchards Whole year,,,,,,,,,,,,,,,,,,,,,,,,,,,,,,,,,,,,,,,,,,,,,,,,,,,,,,,,,,,,,,,,,,,,,,,,,,,,,,,,,,,,,,,,,,,,,,,,,,,,,,,,,,,
Cashewnut,Summer,Cashewnut Summer,Fruit orchards,Fruit orchards Summer,,,,,,,,,,,,,,,,,,,,,,,,,,,,,,,,,,,,,,,,,,,,,,,,,,,,,,,,,,,,,,,,,,,,,,,,,,,,,,,,,,,,,,,,,,,,,,,,,,,,,,,,,,,
Castor seed,Kharif,Castor seed Kharif,oil seeds,oil seeds Kharif,,,2,,26,,,,6,,,,,,,,,,,25,,,,1,1,,1,,,,3,1,,,,11,5,,,207,5,,10,38,,5,,1,,4,,41,55,,,,,,,,,,,,,,,,,,,,,,,,,,,,,,,,,,,,,,,,,,,,,,,,,4,,,,,
Castor seed,Rabi,Castor seed Rabi,oil seeds,oil seeds Rabi,,,,,,,,,,,,,,,,,,,,,,,,,,,,,,,,,,,,,,,,,,,,,,,,,,,,,,,,,,,,,,,,,,,,,,,,,,,,,,,,,,,,,,,,,,,,,,,,,,,,,,,,,,,
Castor seed,Whole year,Castor seed Whole year,oil seeds,oil seeds Whole year,,,,,,,,,,,,,,,,,,,,,,,,,,,,,,,,,,,,,,,,,,,,,,,,,,,,,,,,,,,,,,,,,,,,,,,,,,,,,,,,,,,,,,,,,,,,,,,,,,,,,,,,,,,
Castor seed,Summer,Castor seed Summer,oil seeds,oil seeds Summer,,,,,,,,,,,,,,,,,,,,,,,,,,,,,,,,,,,,,,,,,,,,,,,,,,,,,,,,,,,,,,,,,,,,,,,,,,,,,,,,,,,,,,,,,,,,,,,,,,,,,,,,,,,
Coconut,Kharif,Coconut Kharif,Coconut,Coconut Kharif,,,,,,,,,,,,,,,,,,,,,,,,,,,,,,,,,,,,,,,,,,,,,,,,,,,,,,,,,,,,,,,,,,,,,,,,,,,,,,,,,,,,,,,,,,,,,,,,,,,,,,,,,,,
Coconut,Rabi,Coconut Rabi,Coconut,Coconut Rabi,,,,,,,,,,,,,,,,,,,,,,,,,,,,,,,,,,,,,,,,,,,,,,,,,,,,,,,,,,,,,,,,,,,,,,,,,,,,,,,,,,,,,,,,,,,,,,,,,,,,,,,,,,,
Coconut,Whole year,Coconut Whole year,Coconut,Coconut Whole Year,,,,,,,,,,,,,,,,,,,,,,,,,,,,,,,,,,,,,,,,,,,,,,,,,,,,,,,,,,,,,,,,,,,,,,,,,,,,,,,,,,,,,,,,,,,,,,,,,,,,,,,,,,,
Coconut,Summer,Coconut Summer,Coconut,Coconut Summer,,,,,,,,,,,,,,,,,,,,,,,,,,,,,,,,,,,,,,,,,,,,,,,,,,,,,,,,,,,,,,,,,,,,,,,,,,,,,,,,,,,,,,,,,,,,,,,,,,,,,,,,,,,
Coriander,Kharif,Coriander Kharif,Vegetables,Vegetables Kharif,,,,,,,,,,,,,,,,,,,,,,,,,,,,,,,,,,,,,,,,,,,,,,,,,,,,,,,,,,,,,,,,,,,,,,,,,,,,,,,,,,,,,,,,,,,,,,,,,,,,,,,,,,,
Coriander,Rabi,Coriander Rabi,Vegetables,Vegetables Rabi,,,,,,,,,,31,38,16,,,,,,,,,,,,,,,,,,,,,,,,,,,,,,,,,,,,,,46,,,,,,,,,,,,,,,23,70,23,18,,69,29,,123,6,6,9,12,6,907,29,6,16,198,115,93,3,55,,27,1143,146,45,94,30,41,113,,13,,5,,46,372,9,2,40,133
Coriander,Whole year,Coriander Whole year,Vegetables,Vegetables Whole year,,27,10,60,26,25,177,830,303,,,,15563,97,943,1968,,309,85,1387,84000,1911,410,1516,33455,3,20150,310,1368,54567,880,1661,2312,1145,12600,1812,600,2631.1999999999998,2180,207,11,10488,7,16,784,1598,50,43828,10169,882,25,13,7,1,3,161,,,,,,,,,,,,,,,,,,,,,,,,,,,,,,,,,,,,,,,,,,,,,,882,,,,,
Coriander,Summer,Coriander Summer,Vegetables,Vegetables Summer,,,,,,,,,,,,,,,,,,,,,,,,,,,,,,,,,,,,,,,,,,,,,,,,,,,,,,,,,,,,,,,,,,,,,,,,,,,,,,,,,,,,,,,,,,,,,,,,,,,,,,,,,,,
Cotton(lint),Kharif,Cotton(lint) Kharif,Non food crops,Non food crops Kharif,,500,2500,,5600,17600,,4600,,,,,,,,16,,1,300,81273,71,,17,,15,44,189,,108,1,1934,,,,634,14,3,3,2,10771,63293,9,7563,42344,295,15153,502,1,9,815,4531,782,1431,4,,,,,,,,,,,293,2045,,,24,,,,,178,,10,,,,9,8,,,,1408,,,,,,,,,,,,1404,4,,268,,815,,,6,,
Cotton(lint),Rabi,Cotton(lint) Rabi,Non food crops,Non food crops Rabi,,,,,,,,,,,,,,,,,,,,,,,,,,,,,,,,,,,,,,,,,,,,,,,,,,,,,,,,,,,,,,,,,,,,,,,,,,,,,,,,,,,,,,,,,,,,,,,,,,,,,,,,,,,
Cotton(lint),Whole year,Cotton(lint) Whole year,Non food crops,Non food crops Whole year,,,,,,,,,,,,,,,,,,,,,,,,,,,,,,,,,,,,,,,,,,,,,,,,,,,,,,,,,,,,,,,,,,,,,,,,,,,,,,,,,,,,,,,,,,,,,,,,,,,,,,,,,,,
Cotton(lint),Summer,Cotton(lint) Summer,Non food crops,Non food crops Summer,,,,,,,,,,,,,,,,,,,,,,,,,,,,,,,,,,,,,,,,,,,,,,,,,,,,,,,,,,,,,,,,,,,,,,,,,,,,,,,,,,,,,,,,,,,,,,,,,,,,,,,,,,,
Cowpea(Lobia),Kharif,Cowpea(Lobia) Kharif,Pluses,Pluses Kharif,,,,,,,,,,,,,,,,,,,,,,,,,,,,,,,,,,,,,,,,,,,,,,,,,,,,,,,,,,,,,,,,,,,,,,,,,,,,,,,,,,,,,,,,,,,,,,,,,,,,,,,,,,,
Cowpea(Lobia),Rabi,Cowpea(Lobia) Rabi,Pluses,Pluses Rabi,,,,,,,,,,,,,,,,,,,,,,,,,,,,,,,,,,,,,,,,,,,,,,,,,,,,,,,,,,,,,,,,,,,,,,,,,,,,,,,,,,,,,,,,,,,,,,,,,,,,,,,,,,,
Cowpea(Lobia),Whole year,Cowpea(Lobia) Whole year,Pluses,Pluses Whole year,,,,,,,,,,,,,,,,,,,,,,,,,,,,,,,,,,,,,,,,,,,,,,,,,,,,,,,,,,,,,,,,,,,,,,,,,,,,,,,,,,,,,,,,,,,,,,,,,,,,,,,,,,,
Cowpea(Lobia),Summer,Cowpea(Lobia) Summer,Pluses,Pluses Summer,,,,,,,,,,,,,,,,,,,,,,,,,,,,,,,,,,,,,,,,,,,,,,,,,,,,,,,,,,,,,,,,,,,,,,,,,,,,,,,,,,,,,,,,,,,,,,,,,,,,,,,,,,,
Dry chillies,Kharif,Dry chillies Kharif,Chilly,Chilly Kharif,,,,,,,,,,92,47,291,,,,,,,,,,,,,,,,,,,,,,,,,,,,,,,,,,,,,,3,,,,,,,,,,,,,,,330,31,123,13,12,92,148,8,158,353,33,198,101,171,2445,1520,1,85,83,392,246,89,2,64,89,151,1494,54,303,17,39,151,14,64,317,117,3,3,442,69,63,55,540
Dry chillies,Rabi,Dry chillies Rabi,Chilly,Chilly Rabi,,,,,,,,,,,,,,,,,,,,,,,,,,,,,,,,,,,,,,,,,,,,,,,,,,,,,,,,,,,,,,,,,,,,,,,,,,,,,,,,,,,,,,,,,,,,,,,,,,,,,,,,,,,
Dry chillies,Whole year,Dry chillies Whole year,Chilly,Chilly Whole year,,,,,,,,,,,,,137,,280,4116,85,318,,18508,,1316,,1579.5,788,60,65,585,112,1170,967,,750,216,681,2503,7453,225.68000000000001,49.25,273,83,17,83,834,22,71,461,152,3,96,264,286,633,,11,1921,,,,,,,,,,,,,,,,,,,,,,,,,,,,,,,,,,,,,,,,,,,,,,96,,,,,
Dry chillies,Summer,Dry chillies Summer,Chilly,Chilly Summer,,,,,,,,,,,,,,,,,,,,,,,,,,,,,,,,,,,,,,,,,,,,,,,,,,,,,,,,,,,,,,,,,,,,,,,,,,,,,,,,,,,,,,,,,,,,,,,,,,,,,,,,,,,
Garlic,Kharif,Garlic Kharif,Vegetables,Vegetables Kharif,,,,,,,,,,,,,,,,,,,,,,,,,,,,,,,,,,,,,,,,,,,,,,,,,,,,,,,,,,,,,,,,,,,,,,,,,,,,,,,,,,,,,,,,,,,,,,,,,,,,,,,,,,,
Garlic,Rabi,Garlic Rabi,Vegetables,Vegetables Rabi,,,,,,,,,,205,2575,31,,,,,,,,,,,,,,,,,,,,,,,,,,,,,,,,,,,,,,29,,,,,,,,,,,,,,,13,213,16,2315,,6,90,,773,36,,4499,3980,1238,917,4301,,,2,118,113,1,3,,1386,189,79,3802,112,4,4,7822,2,,9,35,1,29,182,123,8,95,125
Garlic,Whole year,Garlic Whole year,Vegetables,Vegetables Whole year,,25,30,1129,125,90,90,25,400,,,,216,288,746,191,530,401,10794,15451,1280,406,13095,785.79999999999995,16714,163,25000,168,580,4340,26594,4927,4025,5520,820,1796,303,22223.759999999998,727,4,4,23380,24,456,2006,5448,15,19411,13093,6193,82,7,68,,8,9,369,24,425,,141,90,1,25,,,,,,,,,,,,,,,,,,,,,,,,,,,,,,,,,,,,,,6193,,,,,
Garlic,Summer,Garlic Summer,Vegetables,Vegetables Summer,,,,,,,,,,,,,,,,,,,,,,,,,,,,,,,,,,,,,,,,,,,,,,,,,,,,,,,,,,,,,,,,,,,,,,,,,,,,,,,,,,,,,,,,,,,,,,,,,,,,,,,,,,,
Ginger,Kharif,Ginger Kharif,Potato,Potato Kharif,,,,,,,,,,100,57,1687,,,,,,,,,,,,,,,,,,,,,,,,,,,,,,,,,,,,,,,,,,,,,,,,,,,,,,,,,,,,,,,,,,,,,,,,,,,57,,,,2,,,732,,,,,,,,,,,2,,
Ginger,Rabi,Ginger Rabi,Potato,Potato Rabi,,,,,,,,,,,,,,,,,,,,,,,,,,,,,,,,,,,,,,,,,,,,,,,,,,,,,,,,,,,,,,,,,,,,,,,,,,,,,,,,,,,,,,,,,,,,,,,,,,,,,,,,,,,
Ginger,Whole year,Ginger Whole year,Potato,Potato Whole year,,,,,,,,10,,,,,147,,129,1254,182,193,127,1115,62,149,112,978.95000000000005,12,,6,95,120,160,71,1205,65,92,,230,6509,87.359999999999999,654,,,,,,,,,,,8,,,82,,,,495,670,176,,330,290,,7,,,,,,,,,,,,,,,,,,,,,,,,,,,,,,,,,,,,,,8,,,,,
Ginger,Summer,Ginger Summer,Potato,Potato Summer,,,,,,,,,,,,,,,,,,,,,,,,,,,,,,,,,,,,,,,,,,,,,,,,,,,,,,,,,,,,,,,,,,,,,,,,,,,,,,,,,,,,,,,,,,,,,,,,,,,,,,,,,,,
Gram,Kharif,Gram Kharif,Pluses,Pluses Kharif,,,,,,,,,,,,,,,,,,,,,,,,,,,,,,,,,,,,,,,,,,,,,,,,,,,,,,,,,,,,,,,,,,,,,,,,,,,,,,,,,,,,,,,,,,,,,,,,,,,,,,,,,,,
Gram,Rabi,Gram Rabi,Pluses,Pluses Rabi,2,,,100,400,,100,,,6,92,24,100024,1835,4789,69638,152425,5474,250864,151068,98483,5637,79173,23533,45681,2987,20972,86655,144261,110839,84116,168477,107811,96983,17251,91069,10387,230532,202075,91332,11770,37642,3850,52857,24572,38202,79750,58077,35940,3443,1431,77320,9181,16456,9235,34817,41,16,79,2,476,14,1,6,730,13,15524,4325,10,91110,38,14,67,80,41523,245,1616,665,40519,702,,,73004,607,5,40041,39582,,919,22961,15718,66,4712,20550,84865,1068,453,12,,20,50,3443,5400,,4,47,2898
Gram,Whole year,Gram Whole year,Pluses,Pluses Whole year,,,,,,,,,,,,,,,,,,,,,,,,,,,,,,,,,,,,,,,,,,,,,,,,,,,,,,,,,,,,,,,,,,,,,,,,,,,,,,,,,,,,,,,,,,,,,,,,,,,,,,,,,,,
Gram,Summer,Gram Summer,Pluses,Pluses Summer,,,,,,,,,,,,,,,,,,,,,,,,,,,,,,,,,,,,,,,,,,,,,,,,,,,,,,,,,,,,,,,,,,,,,,,,,,,,,,,,,,,,,,,,,,,,,,,,,,,,,,,,,,,
Groundnut,Kharif,Groundnut Kharif,Groundnut,Groundnut Kharif,,1,,,,,,,,6,14,,413,40,181,14897,45,10930,175,1828,130,576,395,20,1236,509,11141,32,133,641,171,499,246,463,3099,107449,17941,250,144,1243,265,627,4,10923,330,25784,31080,1153,234,1,1200,15387,1348,10416,261,2410,10,39,,546,84,,5,,,24,,10,,854,476,807,525,2,1,400,154,852,319,203,,,210,8148,6,21,30234,,1640,19,219,141,21,9466,9801,1376,46,,,1,353,1,1253,5,2758,4121,2579
Groundnut,Rabi,Groundnut Rabi,Groundnut,Groundnut Rabi,,,,,,,,,,,,,,,,,,,,,,,,,,,,,,,,,,,,,,,,,,,,,,,,,,,,,,,,,,,,,,,,,,,,,,,,,,,,,,,,,,,,,,,,,,,,,,,,,,,,,,,,,,,
Groundnut,Whole year,Groundnut Whole year,Groundnut,Groundnut Whole year,,,,,,,,,,,,,,,,,,,,,,,,,,,,,,,,,,,,,,,,,,,,,,,,,,,,,,,,,,,,,,,,,,,,,,,,,,,,,,,,,,,,,,,,,,,,,,,,,,,,,,,,,,,
Groundnut,Summer,Groundnut Summer,Groundnut,Groundnut Summer,,,,,,,,,,,,,,,,,,,,,,,,,,,,,,,,,,,,,,,,,,,,,,,,,,,,,,,,,,,,,,,,,,,,,,,,,,,,,,,,,,,,,,,,,,,,,,,,,,,,,,,,,,,
Guar seed,Kharif,Guar seed Kharif,Pluses,Pluses Kharif,,27,548,16,65,,,5,,,,,,,,,,,,,,,,,,,,,,,,,,,,,,,,,,,,,,,,,,49,,,,,,,,,,,,,,,151,158,30,,,47,,,,2,144,,50,6,136,23,,,,43,45,99,3,,4,47,59,,194,,,1,64,,,,,49,50,,75,10,30
Guar seed,Rabi,Guar seed Rabi,Pluses,Pluses Rabi,,,,,,,,,,,,,,,,,,,,,,,,,,,,,,,,,,,,,,,,,,,,,,,,,,,,,,,,,,,,,,,,,,,,,,,,,,,,,,,,,,,,,,,,,,,,,,,,,,,,,,,,,,,
Guar seed,Whole year,Guar seed Whole year,Pluses,Pluses Whole year,,,,,,,,,,,,,,,,,,,,,,,,,,,,,,,,,,,,,,,,13498,14254,2,5685,9144,97,5351,45196,2,8,38,3302,3651,10344,9877,1852,1605,,,,,,,,,,,,,,,,,,,,,,,,,,,,,,,,,,,,,,,,,,,,,,38,,,,,
Guar seed,Summer,Guar seed Summer,Pluses,Pluses Summer,,,,,,,,,,,,,,,,,,,,,,,,,,,,,,,,,,,,,,,,,,,,,,,,,,,,,,,,,,,,,,,,,,,,,,,,,,,,,,,,,,,,,,,,,,,,,,,,,,,,,,,,,,,
Horse-gram,Kharif,Horse-gram Kharif,Pluses,Pluses Kharif,,,,,,,,,6,446,182,262,,,,,,,,441,,1,,,,,,,,,,,4,,,,,,,,,,,,,,,,,,,,,,,,2131,842,1748,,671,3883,,978,,,,,,,,,,,,,,,,,,,,,,,,,,,,,,,,,,,,,,,,,,,
Horse-gram,Rabi,Horse-gram Rabi,Pluses,Pluses Rabi,,,,,,,,,,,,,,,,,,,,,,,,,,,,,,,,,,,,,,,,,,,,,,,,,,,,,,,,,,,,,,,,,,,,,,,,,,,,,,,,,,,,,,,,,,,,,,,,,,,,,,,,,,,
Horse-gram,Whole year,Horse-gram Whole year,Pluses,Pluses Whole year,,,,,,,,,,,,,,,,,,,,,,,,,,,,,,,,,,,,,,,,,,,,,,,,,,,,,,,,,,,,,,,,,,,,,,,,,,,,,,,,,,,,,,,,,,,,,,,,,,,,,,,,,,,
Horse-gram,Summer,Horse-gram Summer,Pluses,Pluses Summer,,,,,,,,,,,,,,,,,,,,,,,,,,,,,,,,,,,,,,,,,,,,,,,,,,,,,,,,,,,,,,,,,,,,,,,,,,,,,,,,,,,,,,,,,,,,,,,,,,,,,,,,,,,
Jowar,Kharif,Jowar Kharif,Jowar,Jowar Kharif,3155,1000,600,,8500,7000,,4000,,,,,70,8262,19,5150,18,1411,231,2213,126,10339,8,39,27,715,263,916,59,104,25,194,49,48,643,326,618,36,688,134615,24667,61,50787,55400,120,15338,34461,452,1334,2491,9798,55788,4269,4021,504,550,,,,,,,,,80,1809,4436,795,,22519,74,,119,11,16093,,134,1054,4916,82,3625,,8084,4497,8,4048,799,,389,11410,12250,62,2209,227,3130,457,31,653,34,,,2491,5526,2065,,165,3297
Jowar,Rabi,Jowar Rabi,Jowar,Jowar Rabi,,,,,,,,,,,,,,,,,,,,,,,,,,,,,,,,,,,,,,,,,,,,,,,,,,,,,,,,,,,,,,,,,,,,,,,,,,,,,,,,,,,,,,,,,,,,,,,,,,,,,,,,,,,
Jowar,Whole year,Jowar Whole year,Jowar,Jowar Whole year,,,,,,,,,,,,,,,,,,,,,,,,,,,,,,,,,,,,,,,,,,,,,,,,,,,,,,,,,,,,,,,,,,,,,,,,,,,,,,,,,,,,,,,,,,,,,,,,,,,,,,,,,,,
Jowar,Summer,Jowar Summer,Jowar,Jowar Summer,,,,,,,,,,,,,,,,,,,,,,,,,,,,,,,,,,,,,,,,,,,,,,,,,,,,,,,,,,,,,,,,,,,,,,,,,,,,,,,,,,,,,,,,,,,,,,,,,,,,,,,,,,,
Jute,Kharif,Jute Kharif,Non food crops,Non food crops Kharif,,,,,,,,,,,,,,1,,6,,13,1,15,,,9,,,1,,4,1,,1,2,1,4,32,,,56,1,,,,,,,,,,,,,,,,,,,,,,,,,,,,,,,,,,,,,,,,,,,,,,,,,,,,,,,,,,,,,,,,,,,,
Jute,Rabi,Jute Rabi,Non food crops,Non food crops Rabi,,,,,,,,,,,,,,,,,,,,,,,,,,,,,,,,,,,,,,,,,,,,,,,,,,,,,,,,,,,,,,,,,,,,,,,,,,,,,,,,,,,,,,,,,,,,,,,,,,,,,,,,,,,
Jute,Whole year,Jute Whole year,Non food crops,Non food crops Whole year,,,,,,,,,,,,,,,,,,,,,,,,,,,,,,,,,,,,,,,,,,,,,,,,,,,,,,,,,,,,,,,,,,,,,,,,,,,,,,,,,,,,,,,,,,,,,,,,,,,,,,,,,,,
Jute,Summer,Jute Summer,Non food crops,Non food crops Summer,,,,,,,,,,,,,,,,,,,,,,,,,,,,,,,,,,,,,,,,,,,,,,,,,,,,,,,,,,,,,,,,,,,,,,,,,,,,,,,,,,,,,,,,,,,,,,,,,,,,,,,,,,,
Khesari,Kharif,Khesari Kharif,Pluses,Pluses Kharif,,,,,,,,,,,,,,,,,,,,,,,,,,,,,,,,,,,,,,,,,,,,,,,,,,,,,,,,,,,,,,,,,,,,,,,,,,,,,,,,,,,,,,,,,,,,,,,,,,,,,,,,,,,
Khesari,Rabi,Khesari Rabi,Pluses,Pluses Rabi,,,,,,,,,,,,,,,,,,,,,,,,,,,,,,,,,,,,,,,,,,,,,,,,,,,,,,,,,,,,,,,,,,,,,,,,,,,,,,,,,,,,,,,,,,,,,,,,,,,,,,,,,,,
Khesari,Whole year,Khesari Whole year,Pluses,Pluses Whole year,,,,,,,,,,,,,,,,,,,,,,,,,,,,,,,,,,,,,,,,,,,,,,,,,,,,,,,,,,,,,,,,,,,,,,,,,,,,,,,,,,,,,,,,,,,,,,,,,,,,,,,,,,,
Khesari,Summer,Khesari Summer,Pluses,Pluses Summer,,,,,,,,,,,,,,,,,,,,,,,,,,,,,,,,,,,,,,,,,,,,,,,,,,,,,,,,,,,,,,,,,,,,,,,,,,,,,,,,,,,,,,,,,,,,,,,,,,,,,,,,,,,
Linseed,Kharif,Linseed Kharif,Non food crops,Non food crops Kharif,,,,,,,,,,,,,,,,,,,,,,,,,,,,,,,,,,,,,,,,,,,,,,,,,,,,,,,,,,,,,,,,,,,,,,,,,,,,,,,,,,,,,,,,,,,,,,,,,,,,,,,,,,,
Linseed,Rabi,Linseed Rabi,Non food crops,Non food crops Rabi,,,,,,,,,,,,,30,,3,2255,63,,1,11,2,,5,169,8893,,2215,34,54,4,2125,286,14,27,4,4,19,129,27,4,,38,,4,22,200,1,694,46,22,1,22,57,,,,,13,,,,,,,,,810,,41,2308,28,10,5,24,500,,,19,171,,,,2105,15,,83,1031,12,,15,130,,,,6695,,,,19,,,22,46,,36,,102
Linseed,Whole year,Linseed Whole year,Non food crops,Non food crops Whole year,,,,,,,,,,,,,,,,,,,,,,,,,,,,,,,,,,,,,,,,,,,,,,,,,,,,,,,,,,,,,,,,,,,,,,,,,,,,,,,,,,,,,,,,,,,,,,,,,,,,,,,,,,,
Linseed,Summer,Linseed Summer,Non food crops,Non food crops Summer,,,,,,,,,,,,,,,,,,,,,,,,,,,,,,,,,,,,,,,,,,,,,,,,,,,,,,,,,,,,,,,,,,,,,,,,,,,,,,,,,,,,,,,,,,,,,,,,,,,,,,,,,,,
Maize,Kharif,Maize Kharif,Maize,Maize Kharif,20,,,,,,,700,,8660,18818,20929,2290,3,3889,125,540,97,22290,62056,23243,366,2199,1514,7286,34,15632,1093,8425,36713,6084,2546,12101,839,946,2543,158,835,1608,22687,2758,17955,,155346,23759,106625,1505,43343,2650,537,62990,6057,158849,336,18,310,2248,6432,1996,613,3321,1636,151,398,115,14446,115,9984,9,2,171,14,7434,39820,3,23284,5003,30937,315,7569,739,108,200,33140,2662,2,1245,2716,40803,11642,23126,34915,120,24202,5,39047,284,186,90,36,241,537,29,6,6888,1961,27215
Maize,Rabi,Maize Rabi,Maize,Maize Rabi,,,,,,,,,,,,,,,,,,,,,,,,,,,,,,,,,,,,,,,,,,,,,,,,,,,,,,,,,,,,,,,,,,,,,,,,,,,,,,,,,,,,,,,,,,,,,,,,,,,,,,,,,,,196
Maize,Whole year,Maize Whole year,Maize,Maize Whole year,,,,,,,,,,,,,,,,,,,,,,,,,,,,,,,,,,,,,,,,,,,,,,,,,,,,,,,,,,,,,,,,,,,,,,,,,,,,,,,,,,,,,,,,,,,,,,,,,,,,,,,,,,,
Maize,Summer,Maize Summer,Maize,Maize Summer,,,,,,,,,,,,,,,,,,,,,,,,,,,,,,,,,,,,,,,,,,,,,,,,,,,,,,,,,,,,,,,,,,,,253,,,,,,,,,,,,,,,,,,,,,,,,,,,,,,,,,97,,,,,,712
Masoor,Kharif,Masoor Kharif,Pluses,Pluses Kharif,,,,,,,,,,,,,,,,,,,,,,,,,,,,,,,,,,,,,,,,,,,,,,,,,,,,,,,,,,,,,,,,,,,,,,,,,,,,,,,,,,,,,,,,,,,,,,,,,,,,,,,,,,,
Masoor,Rabi,Masoor Rabi,Pluses,Pluses Rabi,,,,69,98,1,2,,245,56,152,4,10930,243,369,4241,16752,371,182,1147,380,36,400,4661,5173,16,727,16954,25731,47253,1471,59460,4750,24236,14,10001,1393,1989,35777,8,2,19,370,3962,2433,354,116,5905,7,43,,433,,,,55,934,406,199,244,352,788,210,334,722,994,10930,42,51,29824,4556,745,2779,876,25424,2315,3,1106,827,18,33,29,20840,6408,1604,21333,28451,68,415,523,696,1183,191,13570,27055,85,28,360,481,185,1722,43,28,1725,1603,20140,820
Masoor,Whole year,Masoor Whole year,Pluses,Pluses Whole year,,,,,,,,,,,,,,,,,,,,,,,,,,,,,,,,,,,,,,,,,,,,,,,,,,,,,,,,,,,,,,,,,,,,,,,,,,,,,,,,,,,,,,,,,,,,,,,,,,,,,,,,,,,
Masoor,Summer,Masoor Summer,Pluses,Pluses Summer,,,,,,,,,,,,,,,,,,,,,,,,,,,,,,,,,,,,,,,,,,,,,,,,,,,,,,,,,,,,,,,,,,,,,,,,,,,,,,,,,,,,,,,,,,,,,,,,,,,,,,,,,,,
Mesta,Kharif,Mesta Kharif,Non food crops,Non food crops Kharif,,,,,,,,,,,,,,,,2,,,,2,,,17,,,,,,,,,,,,,,,,,,,,,,,,,,,,,,,,,,,,,,,,,,,,,,,,,,,,,,,,,,,,,,,,,,,,,,,,,,,,,,,,,,,,
Mesta,Rabi,Mesta Rabi,Non food crops,Non food crops Rabi,,,,,,,,,,,,,,,,,,,,,,,,,,,,,,,,,,,,,,,,,,,,,,,,,,,,,,,,,,,,,,,,,,,,,,,,,,,,,,,,,,,,,,,,,,,,,,,,,,,,,,,,,,,
Mesta,Whole year,Mesta Whole year,Non food crops,Non food crops Whole year,,,,,,,,,,,,,,,,,,,,,,,,,,,,,,,,,,,,,,,,,,,,,,,,,,,,,,,,,,,,,,,,,,,,,,,,,,,,,,,,,,,,,,,,,,,,,,,,,,,,,,,,,,,
Mesta,Summer,Mesta Summer,Non food crops,Non food crops Summer,,,,,,,,,,,,,,,,,,,,,,,,,,,,,,,,,,,,,,,,,,,,,,,,,,,,,,,,,,,,,,,,,,,,,,,,,,,,,,,,,,,,,,,,,,,,,,,,,,,,,,,,,,,
Moong(Green Gram),Kharif,Moong(Green Gram) Kharif,Pluses,Pluses Kharif,,231,3,4,5,3272,12,,,17,,4,598,248,129,6787,9824,8890,118,1740,991,445,86,222,617,274,99,2580,3973,422,175,3478,586,224,137,3423,4166,282,1216,121094,1,145,83,14294,117,575,126756,87,101,405,708,85571,178,26,24,345,,,,1,,,,,116,741,10,255,16,2251,3,38,112,570,2472,418,135,246,857,145,9,9,5861,225,38,911,5976,65,249,305,655,285,25,7036,7956,261,7,33,34,10,,405,937,17,,180,6864
Moong(Green Gram),Rabi,Moong(Green Gram) Rabi,Pluses,Pluses Rabi,,,,,,,,,,,,,,,,,,,,,,,,,,,,,,,,,,,,,,,,,,,,,,,,,,,,,,,,,,,,,,,,,,,,,,,,,,,,,,,,,,,,,,,,,,,,,,,,,,,,,,,,,,,
Moong(Green Gram),Whole year,Moong(Green Gram) Whole year,Pluses,Pluses Whole year,,,,,,,,,,,,,,,,,,,,,,,,,,,,,,,,,,,,,,,,,,,,,,,,,,,,,,,,,,,,,,,,,,,,,,,,,,,,,,,,,,,,,,,,,,,,,,,,,,,,,,,,,,,
Moong(Green Gram),Summer,Moong(Green Gram) Summer,Pluses,Pluses Summer,,,,,,,,,,,,,,,,,,,,,,,,,,,,,,,,,,,,,,,,,,,,,,,,,,,,,,,,,,,,,,,,,,,,3100,,,,,,,,,,,,,,,,,,,,,,,,,,,,,,,,,47,,,,268,,153
Moth,Kharif,Moth Kharif,Pluses,Pluses Kharif,,,,,,,,,,,,,,,,,,,,,,,,,,,,,,,,,,,,,,,,76,2,,,3,,,57,,1,,6,12,2,23,,5,,1,,,18,,1,,,,,,,,,,,,,,,,,,,,,,,,,,,,,,,,,,,,,,,,,,,,
Moth,Rabi,Moth Rabi,Pluses,Pluses Rabi,,,,,,,,,,,,,,,,,,,,,,,,,,,,,,,,,,,,,,,,,,,,,,,,,,,,,,,,,,,,,,,,,,,,,,,,,,,,,,,,,,,,,,,,,,,,,,,,,,,,,,,,,,,
Moth,Whole year,Moth Whole year,Pluses,Pluses Whole year,,,,,,,,,,,,,,,,,,,,,,,,,,,,,,,,,,,,,,,,,,,,,,,,,,,,,,,,,,,,,,,,,,,,,,,,,,,,,,,,,,,,,,,,,,,,,,,,,,,,,,,,,,,
Moth,Summer,Moth Summer,Pluses,Pluses Summer,,,,,,,,,,,,,,,,,,,,,,,,,,,,,,,,,,,,,,,,,,,,,,,,,,,,,,,,,,,,,,,,,,,,,,,,,,,,,,,,,,,,,,,,,,,,,,,,,,,,,,,,,,,
Niger seed,Kharif,Niger seed Kharif,Oil seeds,Oil seeds Kharif,,,,,,,,,,,,,24,,5,2,2,,8,,5,1,,,3,,1,1,10,3,1,7,,8,,57,35,5,,,,,,,,,,,,,,,,,,,,,,,,,,,,,,,,,,,,,,,,,,,,,,,,,,,,,,,,,,,,,,,,,,,,,
Niger seed,Rabi,Niger seed Rabi,Oil seeds,Oil seeds Rabi,,,,,,,,,,,,,,,,,,,,,,,,,,,,,,,,,,,,,,,,,,,,,,,,,,,,,,,,,,,,,,,,,,,,,,,,,,,,,,,,,,,,,,,,,,,,,,,,,,,,,,,,,,,
Niger seed,Whole year,Niger seed Whole year,Oil seeds,Oil seeds Whole year,,,,,,,,,,,,,,,,,,,,,,,,,,,,,,,,,,,,,,,,,,,,,,,,,,,,,,,,,,,,,,,,,,,,,,,,,,,,,,,,,,,,,,,,,,,,,,,,,,,,,,,,,,,
Niger seed,Summer,Niger seed Summer,Oil seeds,Oil seeds Summer,,,,,,,,,,,,,,,,,,,,,,,,,,,,,,,,,,,,,,,,,,,,,,,,,,,,,,,,,,,,,,,,,,,,,,,,,,,,,,,,,,,,,,,,,,,,,,,,,,,,,,,,,,,
Oilseeds total,Kharif,Oilseeds total Kharif,Oil seeds,Oil seeds Kharif,,,,,,,,,,,,,,,,,,,,,,,,,,,,,,,,,,,,,,,,,,,,,,,,,,,,,,,,,,,,,,,,,,,,,,,,,,,,,,,,,,,,,,,,,,,,,,,,,,,,,,,,,,,
Oilseeds total,Rabi,Oilseeds total Rabi,Oil seeds,Oil seeds Rabi,,,,,,,,,,,,,,,,,,,,,,,,,,,,,,,,,,,,,,,,,,,,,,,,,,,,,,,,,,,,,,,,,,,,,,,,,,,,,,,,,,,,,,,,,,,,,,,,,,,,,,,,,,,
Oilseeds total,Whole year,Oilseeds total Whole year,Oil seeds,Oil seeds Whole year,,,,,,,,,,,,,,,,,,,,,,,,,,,,,,,,,,,,,,,,,,,,,,,,,,,,,,,,,,,,,,,,,,,,,,,,,,,,,,,,,,,,,,,,,,,,,,,,,,,,,,,,,,,
Oilseeds total,Summer,Oilseeds total Summer,Oil seeds,Oil seeds Summer,,,,,,,,,,,,,,,,,,,,,,,,,,,,,,,,,,,,,,,,,,,,,,,,,,,,,,,,,,,,,,,,,,,,,,,,,,,,,,,,,,,,,,,,,,,,,,,,,,,,,,,,,,,
Onion,Kharif,Onion Kharif,Onion,Onion Kharif,,,,,,,,,,,,,,,,,,,,,,,,,,,,,,,,,,,,,,,,,,,,,,,,,,,,,,,,,,,,,,,,,,,,,,,,,,,,,,,,,,,,,,,,,,,,,,,,,,,,,,,,,,,
Onion,Rabi,Onion Rabi,Onion,Onion Rabi,,,,,,,,,,22,102,19,,,,,,,,,,,,,,,,,,,,,,,,,,,,,,,,,,,,,,239,,,,,,,,,,,,,,,94,143,477,34,204,230,61,3,43,222,138,36,33,282,1426,91,12,10,135,188,7,31,47,482,1005,341,461,155,198,146,101,361,6,176,19,10,1,239,206,17,23,248,160
Onion,Whole year,Onion Whole year,Onion,Onion Whole year,,22,1440,2200,9700,36,1122,2300,2895,,,,1352,766,1601,504,3650,665,13003,7980,953,936,13146,1633.7,2642,330,3350,1310,540,5788,5850,8805,2067.8000000000002,8784,546,2512,785,14645,798.04999999999995,889,5348,55,14,47,13,502,4139,3321,57,328,8,166,39,64,34,215,677,60,939,7,470,154,1,53,,,,,,,,,,,,,,,,,,,,,,,,,,,,,,,,,,,,,,328,,,,,
Onion,Summer,Onion Summer,Onion,Onion Summer,,,,,,,,,,,,,,,,,,,,,,,,,,,,,,,,,,,,,,,,,,,,,,,,,,,,,,,,,,,,,,,,,,,,32,,,,,,,,,,,,,,,,,,,,,,,,,,,,,,,,,,,,,292,,
Other Rabi pulses,Kharif,Other Rabi pulses Kharif,Pluses,Pluses Kharif,,,,,,,,,,,,,,,,,,,,,,,,,,,,,,,,,,,,,,,,,,,,,,,,,,,,,,,,,,,,,,,,,,,,,,,,,,,,,,,,,,,,,,,,,,,,,,,,,,,,,,,,,,,
Other Rabi pulses,Rabi,Other Rabi pulses Rabi,Pluses,Pluses Rabi,,,,,,,,,,,,,,,,,,,,,,,,,,,,,,,,,,,,,,,,,,,,,,,,,,,,,,,,,,,,,,,,,,,,,,,,,,,,,,,,,,,,,,,,,,,,,,,,,,,,,,,,,,,
Other Rabi pulses,Whole year,Other Rabi pulses Whole year,Pluses,Pluses Whole year,,,,,,,,,,,,,,,,,,,,,,,,,,,,,,,,,,,,,,,,,,,,,,,,,,,,,,,,,,,,,,,,,,,,,,,,,,,,,,,,,,,,,,,,,,,,,,,,,,,,,,,,,,,
Other Rabi pulses,Summer,Other Rabi pulses Summer,Pluses,Pluses Summer,,,,,,,,,,,,,,,,,,,,,,,,,,,,,,,,,,,,,,,,,,,,,,,,,,,,,,,,,,,,,,,,,,,,,,,,,,,,,,,,,,,,,,,,,,,,,,,,,,,,,,,,,,,
Other Cereals,Kharif,Other Cereals Kharif,Grains,Grains Kharif,,,,,,,,,,,,,,,,,,,,,,,,,,,,,,,,,,,,,,,,,,,,,,,,,,,,,,,,,,6,9,,,81,,163,,,,,,,,,,,,,,,,,,,,,,,,,,,,,,,,,,,,,,,,,,,
Other Cereals,Rabi,Other Cereals Rabi,Grains,Grains Rabi,,,,,,,,,,,,,,,,,,,,,,,,,,,,,,,,,,,,,,,,,,,,,,,,,,,,,,,,,38,,,,,,3,,,,,,,,,,,,,,,,,,,,,,,,,,,,,,,,,,,,,,,,,,,,
Other Cereals,Whole year,Other Cereals Whole year,Grains,Grains Whole year,,,,,,,,,,,,,,,,,,,,,,,,,,,,,,,,,,,,,,,,,,,,,,,,,,,,,,,,,,,,,,,,,,,,,,,,,,,,,,,,,,,,,,,,,,,,,,,,,,,,,,,,,,,
Other Cereals,Summer,Other Cereals Summer,Grains,Grains Summer,,,,,,,,,,,,,,,,,,,,,,,,,,,,,,,,,,,,,,,,,,,,,,,,,,,,,,,,,,,,,,,,,,,,,,,,,,,,,,,,,,,,,,,,,,,,,,,,,,,,,,,,,,,
Other Kharif pulses,Kharif,Other Kharif pulses Kharif,Pluses,Pluses Kharif,,,,,,,,,,1468,1096,,,,,,,,,,,,,,,,,,,,,,,,,,,,,763,2,2,5,583,1,8,5313,18,,4,263,36,129,6,,1,2311,1446,393,,802,1568,,2338,,,,,,,,,,,,,,,,,,,,,,,,,,,,,,,,,,,,,,4,,,,,
Other Kharif pulses,Rabi,Other Kharif pulses Rabi,Pluses,Pluses Rabi,,,,,,,,,,,,,,,,,,,,,,,,,,,,,,,,,,,,,,,,,,,,,,,,,,,,,,,,,,,,,,,,,,,,,,,,,,,,,,,,,,,,,,,,,,,,,,,,,,,,,,,,,,,
Other Kharif pulses,Whole year,Other Kharif pulses Whole year,Pluses,Pluses Whole year,,,,,,,,,,,,,,,,,,,,,,,,,,,,,,,,,,,,,,,,,,,,,,,,,,,,,,,,,,,,,,,,,,,,,,,,,,,,,,,,,,,,,,,,,,,,,,,,,,,,,,,,,,,
Other Kharif pulses,Summer,Other Kharif pulses Summer,Pluses,Pluses Summer,,,,,,,,,,,,,,,,,,,,,,,,,,,,,,,,,,,,,,,,,,,,,,,,,,,,,,,,,,,,,,,,,,,,,,,,,,,,,,,,,,,,,,,,,,,,,,,,,,,,,,,,,,,
other oilseeds,Kharif,other oilseeds Kharif,Oil seeds,Oil seeds Kharif,,,,,,,,,,,,,,,,,,,,,,,,,,,,,,,,,,,,,,,,,,,,,,,,,,,,,,,,,,7,,,,4,,,,,,,,,,,,,,,,,,,,,,,,,,,,,,,,,,,,,,,,,,,,,
other oilseeds,Rabi,other oilseeds Rabi,Oil seeds,Oil seeds Rabi,,,,,,,,,400,,,,,,,,,,,,,,,,,,,,,,,,,,,,,,,4002,473,82,103,841,236,421,15670,195,42,94,38,7402,80,562,675,237,,,2,4,,,,,,,,,,,,,,,,,,,,,,,,,,,,,,,,,,,,,,,,,,94,,,,,
other oilseeds,Whole year,other oilseeds Whole year,Oil seeds,Oil seeds Whole year,,,,,,,,,,,,,,,,,,,,,,,,,,,,,,,,,,,,,,,,,,,,,,,,,,,,,,,,,,,,,,,,,,,,,,,,,,,,,,,,,,,,,,,,,,,,,,,,,,,,,,,,,,,
other oilseeds,Summer,other oilseeds Summer,Oil seeds,Oil seeds Summer,,,,,,,,,,,,,,,,,,,,,,,,,,,,,,,,,,,,,,,,,,,,,,,,,,,,,,,,,,,,,,,,,,,,,,,,,,,,,,,,,,,,,,,,,,,,,,,,,,,,,,,,,,,
Other Summer Pulses,Kharif,Other Summer Pulses Kharif,Pluses,Pluses Kharif,,,,,,,,,,,,,,,,,,,,,,,,,,,,,,,,,,,,,,,,,,,,,,,,,,,,,,,,,,,,,,,,,,,,,,,,,,,,,,,,,,,,,,,,,,,,,,,,,,,,,,,,,,,
Other Summer Pulses,Rabi,Other Summer Pulses Rabi,Pluses,Pluses Rabi,,,,,,,,,,,,,,,,,,,,,,,,,,,,,,,,,,,,,,,,,,,,,,,,,,,,,,,,,,,,,,,,,,,,,,,,,,,,,,,,,,,,,,,,,,,,,,,,,,,,,,,,,,,
Other Summer Pulses,Whole year,Other Summer Pulses Whole year,Pluses,Pluses Whole year,,,,,,,,,,,,,,,,,,,,,,,,,,,,,,,,,,,,,,,,,,,,,,,,,,,,,,,,,,,,,,,,,,,,,,,,,,,,,,,,,,,,,,,,,,,,,,,,,,,,,,,,,,,
Other Summer Pulses,Summer,Other Summer Pulses Summer,Pluses,Pluses Summer,,,,,,,,,,,,,,,,,,,,,,,,,,,,,,,,,,,,,,,,,,,,,,,,,,,,,,,,,,,,,,,3,,,,,,,,,,,,,,,,,,,,,,,,,,,,,,,,,,,,,,,,,,,,
Peas & beans (Pulses),Kharif,Peas & beans (Pulses) Kharif,Beans,Beans Kharif,,55,380,3200,525,1220,600,3200,500,,,,,,,,,,,,,,,,,,,,,,,,,,,,,,,,,,,,,,,,,,,,,,,,,,,,,,,,,,,,,,,,,,,,,,,,,,,,,,,,,,,,,,,,,,,,,,,,,,
Peas & beans (Pulses),Rabi,Peas & beans (Pulses) Rabi,Beans,Beans Rabi,,,,,,,,,24,6,224,687,320,825,30,4791,729,2878,178,4254,67,2293,450,547,322,313,135,345,583,268,3334,960,234,79,11,394,2399,8208,341,576,288,11,98,18,855,158,9416,3,39,4673,11,187,29,25,9,84,70,396,11,11,136,84,4211,376,43,241,3860,107,10,1808,2146,38,817,613,460,387,120,817,1467,501,130,,8796,1264,127,73368,52184,134,599,2270,2952,6939,1127,51082,24218,962,23,551,240,52,993,4673,2077,2846,22,606,714
Peas & beans (Pulses),Whole year,Peas & beans (Pulses) Whole year,Beans,Beans Whole year,,,,,,,,,,,,,,,,,,,,,,,,,,,,,,,,,,,,,,,,,,,,,,,,,,,,,,,,,,,,,,,,,,,,,,,,,,,,,,,,,,,,,,,,,,,,,,,,,,,,,,,,,,,
Peas & beans (Pulses),Summer,Peas & beans (Pulses) Summer,Beans,Beans Summer,,,,,,,,,,,,,,,,,,,,,,,,,,,,,,,,,,,,,,,,,,,,,,,,,,,,,,,,,,,,,,,,,,,,,,,,,,,,,,,,,,,,,,,,,,,,,,,,,,,,,,,,,,,
Potato,Kharif,Potato Kharif,Potato,Potato Kharif,,,,,,,,,,528,98,54,,,,,,,,,,,,,,,,,,,,,,,,,,,,,,,,,,,,,,,,,,,,,104,32,304,,1822,586,,1886,,,,,,,,,,,,,,,,,,,,,,,,,,,,,,,,,,,,,,,,,,,
Potato,Rabi,Potato Rabi,Potato,Potato Rabi,,,,,,,,,,,,12,,,,,,,,,,,,,,,,,,,,,,,,,,,,,,,,,,,,,,5824,,,,,,,,,,640,,,249,502,56630,22847,13639,4825,289,254,2123,663,17592,7928,653,6671,16129,32765,8834,46847,215,597,44,10338,38853,580,821,3606,47288,3524,11917,4373,4602,272,115,13668,12215,5660,1225,1002,625,5824,4239,1465,615,8313,8569
Potato,Whole year,Potato Whole year,Potato,Potato Whole year,,118,70,5200,23,61,394,3500,6800,,,,605,1650,405,465,1650,690,9840,2319,297,3410,47500,3587.5,175,3985,50,690,675,4226,352,5253,206.90000000000001,6061,211,1050,1218,12392.040000000001,784,2,41,8,2487,11,64,25,8,57,185,40,19,24,12,,48,13,,,,,,,,,,,,,,,,,,,,,,,,,,,,,,,,,,,,,,,,,,,,,,40,,,,,
Potato,Summer,Potato Summer,Potato,Potato Summer,,,,,,,,,,,,,,,,,,,,,,,,,,,,,,,,,,,,,,,,,,,,,,,,,,,,,,,,,,,,,,,,,,,,,,,,,,,,,,,,,,,,,,,,,,,,,,,,,,,,,,,,,,,
Ragi,Kharif,Ragi Kharif,Ragi,Ragi Kharif,,,,,,,,,,453,402,,,,,,,,,,,,,,,,,,,,,,,,,,,,,,,,,,,,,,,,,,,,,,29569,765,15050,,1403,10103,,4784,,,,,,,,,,,,,,,,,,,,,,,,,,,,,,,,,,,,,,,,,,,
Ragi,Rabi,Ragi Rabi,Ragi,Ragi Rabi,,,,,,,,,,,,,,,,,,,,,,,,,,,,,,,,,,,,,,,,,,,,,,,,,,,,,,,,,,,,,,,,,,,,,,,,,,,,,,,,,,,,,,,,,,,,,,,,,,,,,,,,,,,
Ragi,Whole year,Ragi Whole year,Ragi,Ragi Whole year,,,,,,,,,,,,,,,,,,,,,,,,,,,,,,,,,,,,,,,,,,,,,,,,,,,,,,,,,,,,,,,,,,,,,,,,,,,,,,,,,,,,,,,,,,,,,,,,,,,,,,,,,,,
Ragi,Summer,Ragi Summer,Ragi,Ragi Summer,,,,,,,,,,,,,,,,,,,,,,,,,,,,,,,,,,,,,,,,,,,,,,,,,,,,,,,,,,,,,,,,,,,,,,,,,,,,,,,,,,,,,,,,,,,,,,,,,,,,,,,,,,,
Rapeseed &Mustard,Kharif,Rapeseed &Mustard Kharif,Oil seeds,Oil seeds Kharif,,,,,,,,,,,,,,,,,,,,,,,,,,,,,,,,,,,,,,,,,,,,,,,,,,,,,,,,,,,,,,,,,,,,,,,,,,,,,,,,,,,,,,,,,,,,,,,,,,,,,,,,,,,
Rapeseed &Mustard,Rabi,Rapeseed &Mustard Rabi,Oil seeds,Oil seeds Rabi,,600,14800,2000,26200,2600,1200,1800,1500,292,1011,573,11229,232760,38,18220,973,13998,219,40,14265,51649,15,2457,29508,145446,14645,6055,36,5292,4126,607,150,322,43463,39695,12182,875,1055,27980,250197,111490,218330,32744,59073,40156,85321,69174,61363,7517,1035,270128,6198,51803,83224,158916,1099,784,1577,1265,157,756,4003,885,61193,23581,1307,15495,1691,2706,18817,4519,36629,14800,2488,13964,14744,6750,16557,13517,802,1513,17102,13122,12084,23916,13244,3201,8005,24809,15314,10056,4469,5321,6098,7858,52614,5998,2194,3774,10085,7517,6787,4422,917,14642,16930
Rapeseed &Mustard,Whole year,Rapeseed &Mustard Whole year,Oil seeds,Oil seeds Whole year,,,,,,,,,,,,,,,,,,,,,,,,,,,,,,,,,,,,,,,,,,,,,,,,,,,,,,,,,,,,,,,,,,,,,,,,,,,,,,,,,,,,,,,,,,,,,,,,,,,,,,,,,,,
Rapeseed &Mustard,Summer,Rapeseed &Mustard Summer,Oil seeds,Oil seeds Summer,,,,,,,,,,,,,,,,,,,,,,,,,,,,,,,,,,,,,,,,,,,,,,,,,,,,,,,,,,,,,,,,,,,,,,,,,,,,,,,,,,,,,,,,,,,,,,,,,,,,,,,,,,,
Rice,Winter,Rice Winter,Paddy,Paddy Winter,,,,,,,,,,,,,,,,,,,,,,,,,,,,,,,,,,,,,,,,,,,,,,,,,,,,,,,,,,,,,,,,,,,,,,,,,,,,,,,,,,,,,,,,,,,,,,,,,,,,,,,,,,,
Rice,Autumn,Rice Autumn,Paddy,Paddy Autumn,,,,,,,,,,,,,,,,,,,,,,,,,,,,,,,,,,,,,,,,,,,,,,,,,,,,,,,,,,,,,,,,,,,,,,,,,,,,,,,,,,,,,,,,,,,,,,,,,,,,,,,,,,,
Rice,Kharif,Rice Kharif,Paddy,Paddy Kharif,5848,13000,5000,175000,11000,36000,75000,108000,78000,757,6410,3901,4646,21279,12920,2039,76526,44552,20,131,1606,62168,1,164148,8,5803,263,76286,177125,21,162,7177,32728,4,43127,37369,1443,11,19950,6,61,17842,1136,524,50218,1215,,4825,26139,97832,25,2,4641,,1725,1531,12452,8631,9191,14116,11338,11160,108766,10174,5432,95680,154505,49084,5866,51864,150203,54482,100181,93425,9109,17697,54256,14095,83788,22613,15119,9098,177,137482,25912,682,12335,27007,20256,42328,34187,16214,45431,1255,105,64324,48608,15200,89451,11286,135548,97832,91803,132764,58734,184441,102500
Rice,Rabi,Rice Rabi,Paddy,Paddy Rabi,,,,,,,,,,,,,,,,,,,,,,,,,,,,,,,,,,,,,,,,,,,,,,,,,,,,,,,,,,,,,,,,,,,,,,,,,,,,,,,,,,,,,,,,,,,,,,,,,,,,,,,,,,,
Rice,Whole year,Rice Whole year,Paddy,Paddy Whole year,,,,,,,,,,,,,,,,,,,,,,,,,,,,,,,,,,,,,,,,,,,,,,,,,,,,,,,,,,,,,,,,,,,,,,,,,,,,,,,,,,,,,,,,,,,,,,,,,,,,,,,,,,,
Rice,Summer,Rice Summer,Paddy,Paddy Summer,,,,,,,,,,,,,,,,,,,,,,,,,,,,,,,,,,,,,,,,,,,,,,,,,,,,,,,,,,,,,,,15504,,,,,,,,,,,,,,,,,,,,,,,,,,,,,,,,,,,,,,,,,,5417,,
Safflower,Kharif,Safflower Kharif,Oil seeds,Oil seeds Kharif,,,,,,,,,,,,,,,,,,,,,,,,,,,,,,,,,,,,,,,,,,,,,,,,,,,,,,,,,,,,,,,,,,,,,,,,,,,,,,,,,,,,,,,,,,,,,,,,,,,,,,,,,,,
Safflower,Rabi,Safflower Rabi,Oil seeds,Oil seeds Rabi,,,,,,,,,,,,,,,,,,,3,4,,,,,,,,,,,1,2,,2,,,,,,,,,,,,,,,,,,,,,,,,,,,,,,,,,,,,,,,,,,,,,,,,,,,,,,,,,,,,,,,,,,,,,,,,,
Safflower,Whole year,Safflower Whole year,Oil seeds,Oil seeds Whole year,,,,,,,,,,,,,,,,,,,,,,,,,,,,,,,,,,,,,,,,,,,,,,,,,,,,,,,,,,,,,,,,,,,,,,,,,,,,,,,,,,,,,,,,,,,,,,,,,,,,,,,,,,,
Safflower,Summer,Safflower Summer,Oil seeds,Oil seeds Summer,,,,,,,,,,,,,,,,,,,,,,,,,,,,,,,,,,,,,,,,,,,,,,,,,,,,,,,,,,,,,,,,,,,,,,,,,,,,,,,,,,,,,,,,,,,,,,,,,,,,,,,,,,,
Sannhamp,Kharif,Sannhamp Kharif,Non food crops,Non food crops Kharif,,,,,,,,,,,,2,,,,,,,,,,,,,,,,,,,,,,,,,,,,,1,,48,36,2,10,,,,11,5,,55,,,11,,,,,,,,,6,,20,,,196,,,,4,54,20,,4,,,,,220,,,,2,,17,19,16,,10,14,67,11,,,,6,,11,28,,,,
Sannhamp,Rabi,Sannhamp Rabi,Non food crops,Non food crops Rabi,,,,,,,,,,,,,,,,,,,,,,,,,,,,,,,,,,,,,,,,,,,,,,,,,,,,,,,,,,,,,,,,,,,,,,,,,,,,,,,,,,,,,,,,,,,,,,,,,,,,,,,,,,,
Sannhamp,Whole year,Sannhamp Whole year,Non food crops,Non food crops Whole year,,,,,,,,,,,,,,,,,,,,,,,,,,,,,,,,,,,,,,,,,,,,,,,,,,,,,,,,,,,,,,,,,,,,,,,,,,,,,,,,,,,,,,,,,,,,,,,,,,,,,,,,,,,
Sannhamp,Summer,Sannhamp Summer,Non food crops,Non food crops Summer,,,,,,,,,,,,,,,,,,,,,,,,,,,,,,,,,,,,,,,,,,,,,,,,,,,,,,,,,,,,,,,,,,,,,,,,,,,,,,,,,,,,,,,,,,,,,,,,,,,,,,,,,,,
Sesamum,Kharif,Sesamum Kharif,Oil seeds,Oil seeds Kharif,,12,580,4,203,76,,1,17,8,29,21,,,,,,,,,,,,,,,,,,,,,,,,,,,,6287,1795,610,1779,9035,983,1498,4684,467,619,593,945,10209,1358,7313,17609,28650,198,86,23,310,19,483,,615,1813,2045,495,1108,62,11546,3241,109,1922,78,1134,367,994,2699,11026,1841,,,41913,18197,113,46222,80152,67,1998,2334,3436,786,1435,7152,31321,318,470,4,24,1,1245,593,2849,62,172,8598,11444
Sesamum,Rabi,Sesamum Rabi,Oil seeds,Oil seeds Rabi,,,,,,,,,,,,,,,,,,,,,,,,,,,,,,,,,,,,,,,,,,,,,,,,,,,,,,,,,,,,,,,,,,,,,,,,,,,,,,,,,,,,,,,,,,,,,,,,,,,,,,,,,,,
Sesamum,Whole year,Sesamum Whole year,Oil seeds,Oil seeds Whole year,,,,,,,,,,,,,102,5085,38,89527,250,22901,55,53,138,34476,5,5057,116,9498,56,13948,696,428,60,534,87,63,19432,5864,8714,49,104,,,,,,,,,,,,,,,,,,,,,,,,,,,,,,,,,,,,,,,,,,,,,,,,,,,,,,,,,,,,,,,,,,,,
Sesamum,Summer,Sesamum Summer,Oil seeds,Oil seeds Summer,,,,,,,,,,,,,,,,,,,,,,,,,,,,,,,,,,,,,,,,,,,,,,,,,,,,,,,,,,,,,,,,,,,,,,,,,,,,,,,,,,,,,,,,,,,,,,,,,,,,,,,,,,,
Small millets,Kharif,Small millets Kharif,Pearl millet,Pearl millet Kharif,,,,,,,,,,1589,114,,,6,,13,,,,1,,2,,328,1,12,,8,2,17,1,53,,1,1,,,,,,,,,,,,2,,,,,,209,,,,13189,580,9742,,253,14146,,4384,,,25,,,21,,,,,363,,,,,,,,,,,8,23,,,,17,,4,50,,,,,,,,,,,,,
Small millets,Rabi,Small millets Rabi,Pearl millet,Pearl millet Rabi,,,,,,,,,,,,,,,,,,,,,,,,,,,,,,,,,,,,,,,,,,,,,,,,,,4,,8,10,,,,,,,,,,,,,,,,,,,,,,,,,,,,,,,,,,,,,,,,,,,,,,,,,4,,,,,
Small millets,Whole year,Small millets Whole year,Pearl millet,Pearl millet Whole year,,,,,,,,,,,,,,,,,,,,,,,,,,,,,,,,,,,,,,,,,,,,,,,,,,,,,,,,,,,,,,,,,,,,,,,,,,,,,,,,,,,,,,,,,,,,,,,,,,,,,,,,,,,
Small millets,Summer,Small millets Summer,Pearl millet,Pearl millet Summer,,,,,,,,,,,,,,,,,,,,,,,,,,,,,,,,,,,,,,,,,,,,,,,,,,,,,,,,,,,,,,,,,,,,,,,,,,,,,,,,,,,,,,,,,,,,,,,,,,,,,,,4,,,,
Soyabean,Kharif,Soyabean Kharif,Beans,Beans Kharif,,,,,,,,,,5,40,17,177652,21,121317,19397,34188,451,382855,310232,203813,1116,243606,16,268704,522,125702,1179,93032,382489,279285,261105,333018,279223,20865,114469,4618,504215,290610,1,,185895,,4888,27245,106073,1,220071,127923,129394,413,46,24195,,4,1683,474,26,269,,5280,610,204,82,,,,,,30,,,,,64,,,,,,,,206,1,,175,623,,,49,,,,20460,710,,,,,,299,129394,,36,,18,
Soyabean,Rabi,Soyabean Rabi,Beans,Beans Rabi,,,,,,,,,,,,,,,,,,,,,,,,,,,,,,,,,,,,,,,,,,,,,,,,,,,,,,,,,,,,,,,,,,,,,,,,,,,,,,,,,,,,,,,,,,,,,,,,,,,,,,,,,,,
Soyabean,Whole year,Soyabean Whole year,Beans,Beans Whole year,,,,,,,,,,,,,,,,,,,,,,,,,,,,,,,,,,,,,,,,,,,,,,,,,,,,,,,,,,,,,,,,,,,,,,,,,,,,,,,,,,,,,,,,,,,,,,,,,,,,,,,,,,,
Soyabean,Summer,Soyabean Summer,Beans,Beans Summer,,,,,,,,,,,,,,,,,,,,,,,,,,,,,,,,,,,,,,,,,,,,,,,,,,,,,,,,,,,,,,,,,,,,,,,,,,,,,,,,,,,,,,,,,,,,,,,,,,,,,,,,,,,
Sugarcane,Kharif,Sugarcane Kharif,Sugarcane,Sugarcane Kharif,,,,,,,,,,,,,,,,,,,,,,,,,,,,,,,,,,,,,,,,,,,,,,,,,,961,,,,,,,,,,,,,,,205,8630,652,852,74227,522,97049,204482,26891,52806,202,193,337,8116,6447,137,2050,23136,4162,44585,861,1541,138,73607,173,2119,3095,7173,1526,87,2240,452,183,131936,50744,176683,70522,961,2384,27642,137598,39835,640
Sugarcane,Rabi,Sugarcane Rabi,Sugarcane,Sugarcane Rabi,,,,,,,,,,,,,,,,,,,,,,,,,,,,,,,,,,,,,,,,,,,,,,,,,,,,,,,,,,,,,,,,,,,,,,,,,,,,,,,,,,,,,,,,,,,,,,,,,,,,,,,,,,,
Sugarcane,Whole year,Sugarcane Whole year,Sugarcane,Sugarcane Whole year,,400,100,13300,400,2300,7600,8500,24800,,860,53,160,12,17,86,19,1085,52,1381,124,3075,13,105,13,11,,120,1400,1,2,107,144,,13,125,4,5333,41,4,13,3,4,23,575,1709,43,6,10,1,282,14,219,,12,8,,3810,,70183,2978,,15887,,,,,,,,,,,,,,,,,,,,,,,,,,,,,,,,,,,,,,,1,,,,,
Sugarcane,Summer,Sugarcane Summer,Sugarcane,Sugarcane Summer,,,,,,,,,,,,,,,,,,,,,,,,,,,,,,,,,,,,,,,,,,,,,,,,,,,,,,,,,,,,,,,,,,,,,,,,,,,,,,,,,,,,,,,,,,,,,,,,,,,,,,,,,,,
Sunflower,Kharif,Sunflower Kharif,Sunflower,Sunflower Kharif,,,,,,,,,50,,,,,,,,,,,,,,,,,,,,,,,,,,,,,,,,,,,,,,,,,,,,,,,,,5,,,,,,,,,,,,,,,,,,,,,,,,,,,,,,,,,,,,,,,,,,,,,,,,,
Sunflower,Rabi,Sunflower Rabi,Sunflower,Sunflower Rabi,,,,,,,,,,,,,,,,,,,,,,,,,,,,,,,,,,,,,,,,,,,,,,,,,,,,,,,,,,,,,,,,,,,,,,,,,,,,,,,,,,,,,,,,,,,,,,,,,,,,,,,,,,,
Sunflower,Whole year,Sunflower Whole year,Sunflower,Sunflower Whole year,,,,,,,,,,,,,,,,,,,,,,,,,,,,,,,,,,,,,,,,,,,,,,,,,,,,,,,,,,,,,,,,,,,,,,,,,,,,,,,,,,,,,,,,,,,,,,,,,,,,,,,,,,,
Sunflower,Summer,Sunflower Summer,Sunflower,Sunflower Summer,,,,,,,,,,,,,,,,,,,,,,,,,,,,,,,,,,,,,,,,,,,,,,,,,,,,,,,,,,,,2,,,1,,,50,,,,,,,38,3,,,6,108,,,,,,544,,,,,,,128,,6,,,53,,,,,9,,,10,,22,44
Sweet potato,Kharif,Sweet potato Kharif,Potato,Potato Kharif,,,,,,,,,,,,,,,,,,,,,,,,,,,,,,,,,,,,,,,,,,,,,,,,,,411,,,,,,,,,,,,,,,197,127,62,59,,14,120,3,1010,81,26,620,43,876,1231,168,,1,3,680,78,,,62,306,273,404,3179,557,10,4,451,36,2,150,14,1,411,175,18,17,570,499
Sweet potato,Rabi,Sweet potato Rabi,Potato,Potato Rabi,,,,,,,,,,,,,,,,,,,,,,,,,,,,,,,,,,,,,,,,,,,,,,,,,,,,,,,,,,,,,,,,,,,,,,,,,,,,,,,,,,,,,,,,,,,,,,,,,,,,,,,,,,,
Sweet potato,Whole year,Sweet potato Whole year,Potato,Potato Whole year,,,,,,,,,,,,,51,,,181,,213,16,55,52,12,34,1321.8499999999999,130,22,,,,180,222,214,120,,,295,691,82.290000000000006,18,1,3,,9,,93,14,97,22,,,,4,,,4,18,,,,,,,,,,,,,,,,,,,,,,,,,,,,,,,,,,,,,,,,,,,,,,,,,,,
Sweet potato,Summer,Sweet potato Summer,Potato,Potato Summer,,,,,,,,,,,,,,,,,,,,,,,,,,,,,,,,,,,,,,,,,,,,,,,,,,,,,,,,,,,,,,,,,,,,,,,,,,,,,,,,,,,,,,,,,,,,,,,,,,,,,,,,,,,
Tapioca,Kharif,Tapioca Kharif,Potato,Potato Kharif,,,,,,,,,,,,,,,,,,,,,,,,,,,,,,,,,,,,,,,,,,,,,,,,,,,,,,,,,,,,,,,,,,,,,,,,,,,,,,,,,,,,,,,,,,,,,,,,,,,,,,,,,,,
Tapioca,Rabi,Tapioca Rabi,Potato,Potato Rabi,,,,,,,,,,,,,,,,,,,,,,,,,,,,,,,,,,,,,,,,,,,,,,,,,,,,,,,,,,,,,,,,,,,,,,,,,,,,,,,,,,,,,,,,,,,,,,,,,,,,,,,,,,,
Tapioca,Whole year,Tapioca Whole year,Potato,Potato Whole year,,,,,,,,,,,,,,,,,,,,,,,,,,,,,,,,,,,,,,,,,,,,,,,,,,,,,,,,,,,,,,,,,,,,,,,,,,,,,,,,,,,,,,,,,,,,,,,,,,,,,,,,,,,
Tapioca,Summer,Tapioca Summer,Potato,Potato Summer,,,,,,,,,,,,,,,,,,,,,,,,,,,,,,,,,,,,,,,,,,,,,,,,,,,,,,,,,,,,,,,,,,,,,,,,,,,,,,,,,,,,,,,,,,,,,,,,,,,,,,,,,,,
Tobacco,Kharif,Tobacco Kharif,Spices,Spices Kharif,,,,,,,,,,,,,,,,,,,,,,,,,,,,,,,,,,,,,,,,,,,,,,,,,,,,,,,,,,,,,,,,,,,,,,,,,,,,,,,,,,,,,,,,,,,,,,,,,,,,,,,,,,,
Tobacco,Rabi,Tobacco Rabi,Spices,Spices Rabi,,,,,,,,,,,,,,,,,,,,,,,,,,,,,,,,,,,,,,,,,,,,,,,,,,,,,,,,,,,,,,,,,,,,,,,,,705,42,,7138,,6832,,,,,11,280,173,,,,11,,71,4626,13,,,,,,,,,,1,,,527,1
Tobacco,Whole year,Tobacco Whole year,Spices,Spices Whole year,,,,,,,,,,,,,,,,,,,,,,,,,,,,,,,,,,,,,,,,,68,,,,,,,,,,21,,,35,15,,,,,1,,,,,,,,,,,,,,,,,,,,,,,,,,,,,,,,,,,,,,,,,,,,,,,
Tobacco,Summer,Tobacco Summer,Spices,Spices Summer,,,,,,,,,,,,,,,,,,,,,,,,,,,,,,,,,,,,,,,,,,,,,,,,,,,,,,,,,,,,,,,,,,,,,,,,,,,,,,,3,,,,,,,,,,,,,,,,,,,,,,46,,,,,,195
Turmeric,Kharif,Turmeric Kharif,Potato,Potato Kharif,,,,,,,,,,7,60,1,,,,,,,,,,,,,,,,,,,,,,,,,,,,,,,,,,,,,,,,,,,,,,,,,,,,,,,,,,,,,,,,,,,,,,,,,,,,,,,,,,,,,,,,,,,,,,,
Turmeric,Rabi,Turmeric Rabi,Potato,Potato Rabi,,,,,,,,,,,,,,,,,,,,,,,,,,,,,,,,,,,,,,,,,,,,,,,,,,,,,,,,,,,,,,,,,,,,,,,42,,250,15,,,,,62,,,,,,,,,,,,,19,38,4,,2,,,,65,51,,14,,18,27,18
Turmeric,Whole year,Turmeric Whole year,Potato,Potato Whole year,,,,35,,,100,20,610,,,,96,16,242,718,86,77,166,457,259,27,35,535.60000000000002,,,5,24,40,,67,895,25,113,22,225,1007,95.680000000000007,101,,,,26,,104,,,,,,,,60,,,,363,13,322,4,200,62,,1,,,,,,,,,,,,,,,,,,,,,,,,,,,,,,,,,,,,,,,,,,,
Turmeric,Summer,Turmeric Summer,Potato,Potato Summer,,,,,,,,,,,,,,,,,,,,,,,,,,,,,,,,,,,,,,,,,,,,,,,,,,,,,,,,,,,,,,,,,,,,,,,,,,,,,,,,,,,,,,,,,,,,,,,,,,,,,,,,,,,
Urad,Kharif,Urad Kharif,Pluses,Pluses Kharif,,,3,5,1,,2,,210,1250,1050,780,119491,1425,3004,254448,187019,98474,3075,2076,94119,18567,366,3596,47642,9838,10654,105278,44247,17769,7272,271226,12210,1179,45751,157306,245904,4255,214042,42848,1,104211,94,77755,139511,12546,1676,50183,98729,5716,1171,112479,7539,62,684,70554,1145,779,2794,120,1409,2860,204,1108,358,536,611,1222,400,4870,4653,1430,41763,1451,1557,836,617,1537,6724,414,1,28,15090,20085,100,5983,50016,2830,349,5743,11262,856,946,161796,43786,464,262,1153,3262,713,73,5716,13095,4183,893,7346,31606
Urad,Rabi,Urad Rabi,Pluses,Pluses Rabi,,,,,,,,,,,,,,,,,,,,,,,,,,,,,,,,,,,,,,,,,,,,,,,,,,,,,,,,,,,,,,,,,,,,,,,,,,,,,,,,,,,,,,,,,,,,,,,,,,,,,,,,,,,
Urad,Whole year,Urad Whole year,Pluses,Pluses Whole year,,,,,,,,,,,,,,,,,,,,,,,,,,,,,,,,,,,,,,,,,,,,,,,,,,,,,,,,,,,,,,,,,,,,,,,,,,,,,,,,,,,,,,,,,,,,,,,,,,,,,,,,,,,
Urad,Summer,Urad Summer,Pluses,Pluses Summer,,,,,,,,,,,,,,,,,,,,,,,,,,,,,,,,,,,,,,,,,,,,,,,,,,,,,,,,,,,,,,,48,,,,,774,,,,,,,,,,,,,,,,,,,,,,,,,,,,,,,,,2738,,,,,,
Wheat,Kharif,Wheat Kharif,Wheat,Wheat Kharif,,,,,,,,,,,,,,,,,,,,,,,,,,,,,,,,,,,,,,,,,,,,,,,,,,,,,,,,,,,,,,,,,,,,,,,,,,,,,,,,,,,,,,,,,,,,,,,,,,,,,,,,,,,
Wheat,Rabi,Wheat Rabi,Wheat,Wheat Rabi,19220,29600,43000,178500,76400,95000,83000,144100,90800,7631,25662,28062,173890,98256,51175,286498,133244,185315,134126,233817,165089,140836,126387,166312,159314,120546,76801,105107,232380,229108,153934,301969,273649,119407,109134,287013,269967,220044,280644,34787,192419,145939,142726,91237,147557,136383,139519,105638,142148,150515,22479,40139,74793,85773,77846,70181,21459,14799,12550,43968,22074,18139,103273,9568,132369,221798,210752,101049,54904,159768,198541,148627,226358,201066,49808,135884,96027,75581,172432,92948,44864,28690,113456,311849,81137,143818,182907,88417,78024,120774,103752,97339,77095,188237,81887,152866,203721,80065,115217,86395,148303,150515,133804,148838,111995,272458,241879
Wheat,Whole year,Wheat Whole year,Wheat,Wheat Whole year,,,,,,,,,,,,,,,,,,,,,,,,,,,,,,,,,,,,,,,,,,,,,,,,,,,,,,,,,,,,,,,,,,,,,,,,,,,,,,,,,,,,,,,,,,,,,,,,,,,,,,,,,,,
Wheat,Summer,Wheat Summer,Wheat,Wheat Summer,,,,,,,,,,,,,,,,,,,,,,,,,,,,,,,,,,,,,,,,,,,,,,,,,,,,,,,,,,,,,,,,,,,,,,,,,,,,,,,,,,,,,,,,,,,,,,,,,,,,,,,,,,,
